sample_id	subcat	age	gender	DIPG	disease	site	histology	grade	cluster	H3_K27	IDH	codel
THR13_0969_S01	H3 WT	13	male	Yes	glioma	brain	DIPG astrocytoma	high grade	1	WT	NA	NA
THR13_0973_S01	H3 WT	5	male	Yes	glioma	brain	DIPG astrocytoma	G3	1	WT	NA	NA
THR13_0974_S01	H3.1 K27M	4	female	Yes	glioblastoma multiforme	brain	DIPG astrocytoma	G4	0	mutant	inferred WT	inferred WT
THR13_0970_S01	H3.1 K27M	2	female	Yes	glioblastoma multiforme	brain	DIPG astrocytoma	G4	0	mutant	inferred WT	inferred WT
TH02_0652_S01	H3.1 K27M	4	female	Yes	glioma	brain stem	DIPG astrocytoma	G4	0	mutant	inferred WT	inferred WT
THR13_0971_S01	H3.1 K27M	12	male	Yes	glioma	brain	DIPG astrocytoma	G2	2	mutant	inferred WT	inferred WT
TH02_0095_S01	H3.1 K27M	4	female	Yes	glioma	brain stem	DIPG astrocytoma	G3	0	mutant	inferred WT	inferred WT
TH02_0074_S01	H3.3 G34R	15	female	No	glioblastoma multiforme	temporal	astrocytoma	G4	2	WT	inferred WT	inferred WT
TH02_0078_S01	H3.3 G34R	14	female	No	glioma	frontal	astrocytoma	G3	2	WT	inferred WT	inferred WT
THR32_0960_S01	H3.3 G34R	19	female	unknown	glioblastoma multiforme	temporal lobe, left	NA	NA	0	WT	inferred WT	inferred WT
TH02_0075_S01	H3.3 G34R	17	female	No	glioblastoma multiforme	frontal	astrocytoma	G4	0	WT	inferred WT	inferred WT
TH06_1175_S01	H3.3 G34R	17	female	unknown	glioma	brain (parietal lobe)	astrocytoma	G3	1	WT	inferred WT	inferred WT
TH02_0096_S01	H3.3 K27M	5	male	Yes	glioma	brain stem	DIPG astrocytoma	G2	0	mutant	inferred WT	inferred WT
TH02_0654_S01	H3.3 K27M	4	female	Yes	glioma	NA	DIPG	NA	0	mutant	inferred WT	inferred WT
THR14_0308_S01	H3.3 K27M	17.7	female	unknown	glioblastoma multiforme	NA	astrocytoma	G4	1	mutant	inferred WT	inferred WT
TH02_0085_S01	H3.3 K27M	8	male	Yes	glioma	brain stem	DIPG astrocytoma	NA	0	mutant	inferred WT	inferred WT
TH02_0086_S01	H3.3 K27M	13	male	Yes	glioma	brain stem	DIPG astrocytoma	G2	0	mutant	inferred WT	inferred WT
THR13_0968_S01	H3.3 K27M	7	female	Yes	glioma	brain	DIPG astrocytoma	G3	0	mutant	inferred WT	inferred WT
TH02_0083_S01	H3.3 K27M	6	female	Yes	glioma	brain stem	DIPG astrocytoma	G3	0	mutant	inferred WT	inferred WT
TH02_0082_S01	H3.3 K27M	6	female	Yes	glioma	brain stem	DIPG astrocytoma	G2	0	mutant	inferred WT	inferred WT
TH02_0089_S01	H3.3 K27M	8	female	Yes	glioma	brain stem	DIPG astrocytoma	G2	0	mutant	inferred WT	inferred WT
TH02_0077_S01	H3.3 K27M	8	male	No	glioma	brain stem	astrocytoma	G3	0	mutant	inferred WT	inferred WT
THR14_0309_S01	H3.3 K27M	5.2	female	unknown	glioma	NA	astrocytoma	G3	1	mutant	inferred WT	inferred WT
THR14_0310_S01	H3.3 K27M	15.4	male	unknown	glioblastoma multiforme	NA	astrocytoma	G4	1	mutant	inferred WT	inferred WT
THR14_0313_S01	H3.3 K27M	7.1	male	unknown	glioma	NA	astrocytoma	G3	1	mutant	inferred WT	inferred WT
TH02_0093_S01	H3.3 K27M	6	male	Yes	glioma	brain stem	DIPG astrocytoma	G2	0	mutant	inferred WT	inferred WT
TH02_0087_S01	H3.3 K27M	7	female	Yes	glioma	brain stem	DIPG astrocytoma	G3	0	mutant	inferred WT	inferred WT
TH02_0087_S02	H3.3 K27M	7	female	Yes	glioma	brain stem	DIPG astrocytoma	G3	0	mutant	inferred WT	inferred WT
THR13_0963_S01	H3.3 K27M	3	female	Yes	glioma	brain	DIPG astrocytoma	G2	1	mutant	inferred WT	inferred WT
THR13_0965_S01	H3.3 K27M	5	male	Yes	glioblastoma multiforme	brain	DIPG astrocytoma	G4	0	mutant	inferred WT	inferred WT
THR13_0964_S01	H3.3 K27M	4	female	Yes	glioma	brain	DIPG unknown	unknown	1	mutant	inferred WT	inferred WT
TH06_0647_S01	H3.3 K27M	5	male	Yes	glioma	brain	DIPG	NA	0	mutant	inferred WT	inferred WT
THR14_0311_S01	H3.3 K27M	11.6	female	unknown	glioblastoma multiforme	NA	astrocytoma	G4	1	mutant	inferred WT	inferred WT
TH02_0653_S01	H3.3 K27M	12	male	Yes	glioma	brain stem	DIPG astrocytoma	G3	0	mutant	inferred WT	inferred WT
TH02_0092_S01	H3.3 K27M	11	male	Yes	glioma	brain stem	DIPG	G3	1	mutant	inferred WT	inferred WT
TH02_0091_S01	H3.3 K27M	9	male	Yes	glioma	brain stem	DIPG astrocytoma	G2	1	mutant	inferred WT	inferred WT
TH02_0094_S01	H3.3 K27M	6	female	Yes	glioma	brain stem	DIPG astrocytoma	G2	0	mutant	inferred WT	inferred WT
THR13_0972_S01	H3.3 K27M	7	male	Yes	glioblastoma multiforme	brain	DIPG astrocytoma	G4	1	mutant	inferred WT	inferred WT
TH02_0088_S01	H3.3 K27M	15	male	Yes	glioma	brain stem	DIPG astrocytoma	G2	0	mutant	inferred WT	inferred WT
TH02_0656_S01	H3.3 K27M	5	male	Yes	glioma	NA	DIPG	NA	0	mutant	inferred WT	inferred WT
TCGA-S9-A6U6-01	IDH mutant	28	male	unknown	glioma	NA	astrocytoma	G3	2	inferred WT	mutant	NA
TCGA-S9-A6U1-01	IDH mutant	22	female	unknown	glioma	NA	astrocytoma	G3	2	inferred WT	mutant	NA
TCGA-DB-A75O-01	IDH mutant	29	male	unknown	glioma	NA	astrocytoma	G3	2	inferred WT	mutant	NA
TCGA-TQ-A7RF-01	IDH mutant	27	female	unknown	glioma	NA	oligodendroglioma	G3	0	inferred WT	mutant	NA
TCGA-DU-A6S7-01	IDH mutant	27	female	unknown	glioma	NA	astrocytoma	G3	2	inferred WT	mutant	NA
TH02_0090_S01	IDH mutant	25	male	Yes	glioma	brain stem	DIPG	NA	0	inferred WT	mutant	NA
TH02_0081_S01	IDH mutant	22	female	No	glioblastoma multiforme	left frontal	astrocytoma	G4	2	inferred WT	mutant	NA
TCGA-E1-A7YV-01	IDH mutant	26	female	unknown	glioma	NA	oligoastrocytoma	G3	2	inferred WT	mutant	NA
TCGA-P5-A72X-01	IDH mutant	21	male	unknown	glioma	NA	astrocytoma	G3	2	inferred WT	mutant	NA
TCGA-S9-A7J2-01	IDH mutant and 1p19q codeleted	25	male	unknown	glioma	NA	oligodendroglioma	G3	2	inferred WT	mutant	mutant
TCGA-KT-A74X-01	IDH mutant and 1p19q codeleted	26	male	unknown	glioma	NA	oligoastrocytoma	G3	2	inferred WT	mutant	mutant
TCGA-P5-A730-01	IDH mutant and 1p19q codeleted	22	male	unknown	glioma	NA	oligoastrocytoma	G3	2	inferred WT	mutant	mutant
TCGA-QH-A65X-01	IDH mutant and 1p19q codeleted	28	female	unknown	glioma	NA	oligoastrocytoma	G3	2	inferred WT	mutant	mutant
THR32_0959_S01	IDH WT & H3 WT	9	male	unknown	glioblastoma multiforme	frontal lobe, right	NA	NA	0	WT	WT	NA
TH02_0084_S01	IDH WT & H3 WT	10	male	Yes	glioma	brain stem	DIPG astrocytoma	G2	0	WT	WT	NA
THR14_0326_S01	IDH WT & H3 WT	10.2	female	unknown	glioma	NA	astrocytoma	G3	2	WT	WT	NA
TH02_0651_S01	IDH WT & H3 WT	12	male	Yes	glioma	brain stem	DIPG astrocytoma	N/A	1	WT	WT	NA
THR14_0302_S01	IDH WT & H3 WT	6.8	female	unknown	glioblastoma multiforme	NA	astrocytoma	G4	2	WT	WT	NA
TH02_0079_S01	IDH WT & H3 WT	4	female	No	glioma	brain stem	astrocytoma	G3	0	WT	WT	NA
TCGA-DU-6404-01	IDH WT & H3 WT	24	female	unknown	glioma	NA	oligodendroglioma	G3	0	WT	WT	NA
THR14_0312_S01	IDH WT & H3 WT	18.5	male	unknown	glioma	NA	astrocytoma	G3	0	WT	WT	NA
TH02_0076_S01	IDH WT & H3 WT	9	male	No	glioblastoma multiforme	thalamus	astrocytoma	G4	0	WT	WT	NA
TCGA-FG-5963-01	IDH WT & H3 WT	23	male	unknown	glioma	NA	AstrocytomaIDHwt	G3	2	WT	WT	NA
THR14_0324_S01	IDH WT & H3 WT	2.5	male	unknown	glioblastoma multiforme	NA	astrocytoma	G3/4	1	WT	WT	NA
TCGA-FG-5963-02	IDH WT & H3 WT	23	male	unknown	glioma	NA	AstrocytomaIDHwt	G3	2	WT	WT	NA
THR14_0301_S01	IDH WT & H3 WT	16.2	male	unknown	glioblastoma multiforme	NA	astrocytoma	G4	1	WT	WT	NA
THR32_0958_S01	IDH WT & H3 WT	16	female	unknown	glioblastoma multiforme	intraventricular, left	NA	NA	1	WT	WT	NA
TCGA-FG-8181-01	IDH WT & H3 WT	23	male	unknown	glioma	NA	oligoastrocytoma	G3	2	WT	WT	NA
TCGA-06-2569-01	IDH WT & H3 WT	24	female	unknown	glioblastoma multiforme	NA	G-CIMPMesenchymalUntreated primaryMesenchymal	NA	0	WT	WT	NA
TCGA-DU-6404-02	IDH WT & H3 WT	24	female	unknown	glioma	NA	oligodendroglioma	G3	0	WT	WT	NA
TCGA-HT-7857-01	IDH WT & H3 WT	24	female	unknown	glioma	NA	astrocytoma	G3	1	WT	WT	NA
THR14_0327_S01	IDH WT & H3 WT	11.4	female	unknown	glioblastoma multiforme	NA	astrocytoma	G4	1	WT	WT	NA
THR14_0303_S01	IDH WT & H3 WT	13.5	female	unknown	glioma	NA	astrocytoma	G3	2	WT	WT	NA
TCGA-06-5416-01	IDH WT & H3 WT	23	female	unknown	glioblastoma multiforme	NA	NON G-CIMPProneuralUntreated primaryProneural	NA	1	WT	WT	NA
TH04_0021_S01	IDH WT and 1p19q codeleted	14	male	unknown	glioma	NA	oligodendroglioma	G3	2	inferred WT	WT	mutant
THR31_0918_S01	NA	1	female	unknown	glioma	Brain	NA	high grade	2	NA	NA	NA
TH06_0627_S01	NA	0	female	unknown	glioblastoma multiforme	brain - posterior fossa	astrocytoma	G4	1	NA	NA	NA
TH06_0616_S01	NA	15	female	unknown	glioblastoma multiforme	brain	astrocytoma	G4	1	NA	NA	NA
